date,avg
2013-06-16,68.57432432432432
2013-06-17,68.06164383561644
2013-06-18,67.47260273972603
2013-06-19,68.54109589041096
2013-06-20,67.74324324324324
2013-06-21,67.47297297297297
2013-06-25,68.65753424657534
2013-06-26,67.66438356164383
2013-06-27,66.98611111111111
2013-06-28,68.92857142857143
2013-06-30,65.60714285714286
2013-07-01,67.82142857142857
2013-07-02,73.70289855072464
2013-07-03,69.40714285714286
2013-07-04,68.9
2013-07-05,70.57971014492753
2013-07-09,70.92142857142858
2013-07-10,73.12857142857143
2013-07-11,73.02173913043478
2013-07-12,73.17857142857143
2013-07-14,72.45
2013-07-15,72.42647058823529
2013-07-16,77.83333333333333
2013-07-17,72.49295774647888
2013-07-18,71.46478873239437
2013-07-19,69.72857142857143
2013-07-21,69.63380281690141
2013-07-22,70.66197183098592
2013-07-23,66.51449275362319
2013-07-24,66.78985507246377
2013-07-25,67.42142857142858
2013-07-26,67.73529411764706
2013-07-28,67.74285714285715
2013-07-29,68.40441176470588
2013-07-30,66.1268656716418
2013-07-31,67.31060606060606
2013-08-01,66.42537313432835
2013-08-02,67.75
2013-08-04,67.70149253731343
2013-08-05,68.03787878787878
2013-08-06,71.07692307692308
2013-08-07,71.47727272727273
2013-08-08,69.18382352941177
2013-08-12,60.9125
2013-08-13,71.95588235294117
2013-08-14,72.47142857142858
2013-08-15,76.11029411764706
2013-08-16,75.45774647887323
2013-08-18,76.02816901408451
2013-08-19,72.17142857142858
2013-08-20,73.59154929577464
2013-08-23,77.79577464788733
2013-08-25,75.12676056338029
2013-08-26,76.30281690140845
2013-08-27,75.20714285714286
2013-08-29,74.23913043478261
2013-08-30,74.86619718309859
2013-09-01,76.00735294117646
2013-09-02,75.73913043478261
2013-09-03,77.64925373134328
2013-09-04,77.15
2013-09-05,76.89285714285714
2013-09-06,78.57142857142857
2013-09-08,76.12676056338029
2013-09-09,77.11971830985915
2013-09-10,76.1830985915493
2013-09-11,75.77464788732394
2013-09-12,77.24285714285715
2013-09-13,74.15217391304348
2013-09-15,76.77536231884058
2013-09-16,75.72857142857143
2013-09-17,76.44285714285714
2013-09-19,75.50714285714285
2013-09-20,75.34057971014492
2013-09-22,74.64084507042253
2013-09-23,74.35915492957747
2013-09-24,74.72222222222223
2013-09-25,71.02816901408451
2013-09-26,74.94366197183099
2013-09-27,77.19444444444444
2013-09-29,76.5958904109589
2013-09-30,76.95070422535211
2013-10-01,78.08333333333333
2013-10-02,76.52027027027027
2013-10-03,75.5068493150685
2013-10-04,76.54729729729729
2013-10-06,81.90277777777777
2013-10-07,75.22666666666667
2013-10-08,71.42
2013-10-09,75.69333333333333
2013-10-10,74.69333333333333
2013-10-11,77.50666666666666
2013-10-12,79.21428571428571
2013-10-13,87.02564102564102
2013-10-14,93.33333333333333
2013-10-15,90.13888888888889
2013-10-16,93.95384615384616
2013-10-17,79.7279411764706
2013-10-20,79.07534246575342
2013-10-21,74.44444444444444
2013-10-22,76.6830985915493
2013-10-23,78.89855072463769
2013-10-24,82.65
2013-10-25,81.47916666666667
2013-10-27,82.84027777777777
2013-10-28,81.6917808219178
2013-10-29,85.97972972972973
2013-10-30,84.08783783783784
2013-10-31,84.10416666666667
2013-11-01,81.85135135135135
2013-11-03,83.47183098591549
2013-11-04,83.72297297297297
2013-11-05,80.84545454545454
2013-11-06,89.69148936170212
2013-11-07,83.42307692307692
2013-11-10,83.5909090909091
2013-11-11,77.74590163934427
2013-11-12,85.08730158730158
2013-11-13,82.125
2013-11-14,83.56349206349206
2013-11-15,84.92307692307692
2013-11-16,82.06060606060606
2013-11-17,81.90625
2013-11-18,82.15384615384616
2013-11-20,90.19354838709677
2013-11-21,78.58088235294117
2013-11-22,78.38732394366197
2013-11-24,73.33571428571429
2013-11-25,74.96376811594203
2013-11-26,73.56521739130434
2013-11-27,73.70289855072464
2013-11-28,74.34782608695652
2013-11-29,74.78472222222223
2013-12-01,76.91666666666667
2013-12-02,76.38571428571429
2013-12-03,75.3013698630137
2013-12-04,75.20833333333333
2013-12-05,74.63194444444444
2013-12-06,75.66666666666667
2013-12-08,74.19014084507042
2013-12-09,73.04794520547945
2013-12-10,74.43150684931507
2013-12-11,73.02142857142857
2013-12-12,73.66901408450704
2013-12-13,73.43661971830986
2013-12-15,74.31944444444444
2013-12-16,72.11805555555556
2013-12-18,74.43333333333334
2013-12-19,73.29054054054055
2013-12-20,73.30666666666667
2013-12-22,72.36986301369863
2013-12-23,75.51298701298701
2013-12-24,75.14935064935065
2013-12-26,72.63333333333334
2013-12-27,74.58108108108108
2013-12-29,73.1103896103896
2013-12-31,73.7987012987013
2014-01-01,72.41025641025641
2014-01-02,73.67948717948718
2014-01-03,72.87662337662337
2014-01-05,72.73684210526316
2014-01-06,71.54545454545455
2014-01-07,74.08333333333333
2014-01-08,74.1103896103896
2014-01-09,73.01923076923077
2014-01-10,72.01948051948052
2014-01-12,71.98701298701299
2014-01-13,72.1103896103896
2014-01-14,72.2012987012987
2014-01-16,72.48026315789474
2014-01-17,71.50657894736842
2014-01-19,71.8157894736842
2014-01-20,68.79220779220779
2014-01-21,70.66233766233766
2014-01-22,69.83333333333333
2014-01-23,72.22666666666667
2014-01-24,71.84666666666666
2014-01-26,69.37671232876713
2014-01-27,71.70270270270271
2014-01-28,69.12837837837837
2014-01-29,70.26
2014-02-02,67.03947368421052
2014-02-03,67.46
2014-02-04,67.08
2014-02-05,65.92666666666666
2014-02-06,64.49305555555556
2014-02-07,67.52816901408451
2014-02-08,80.92307692307692
2014-02-09,68.05333333333333
2014-02-10,66.89333333333333
2014-02-11,66.88513513513513
2014-02-12,71.37012987012987
2014-02-13,71.75
2014-02-14,71.05263157894737
2014-02-16,71.41447368421052
2014-02-17,68.88815789473684
2014-02-18,72.94155844155844
2014-02-20,72.57894736842105
2014-02-21,71.71710526315789
2014-02-23,75.25625
2014-02-24,75.18125
2014-02-25,76.3625
2014-02-26,75.04375
2014-02-28,77.38125
2014-03-03,76.34810126582279
2014-03-05,73.0448717948718
2014-03-06,77.82051282051282
2014-03-07,77.10625
2014-03-09,77.83333333333333
2014-03-10,76.5126582278481
2014-03-11,75.72151898734177
2014-03-12,74.08227848101266
2014-03-13,81.0060975609756
2014-03-14,80.4320987654321
2014-03-17,74.91875
2014-03-18,76.0886075949367
2014-03-19,69.33766233766234
2014-03-20,66.83116883116882
2014-03-21,72.0126582278481
2014-03-23,72.24675324675324
2014-03-24,72.08974358974359
2014-03-25,71.79268292682927
2014-03-26,74.30246913580247
2014-03-27,74.53048780487805
2014-03-28,70.1219512195122
2014-03-31,78.4423076923077
2014-04-01,73.42948717948718
2014-04-02,75.69736842105263
2014-04-03,76.6474358974359
2014-04-04,79.25324675324676
2014-04-06,79.01298701298701
2014-04-07,75.6103896103896
2014-04-09,72.05555555555556
2014-04-10,74.40361445783132
2014-04-11,72.74698795180723
2014-04-13,73.2439024390244
2014-04-15,73.5609756097561
2014-04-16,75.19753086419753
2014-04-17,76.50617283950618
2014-04-18,77.91975308641975
2014-04-20,80.09493670886076
2014-04-21,77.80379746835443
2014-04-22,77.53896103896103
2014-04-23,78.81168831168831
2014-04-25,80.74025974025975
2014-04-27,80.75974025974025
2014-04-28,80.6025641025641
2014-04-29,79.92405063291139
2014-04-30,80.46835443037975
2014-05-02,80.30625
2014-05-04,78.28846153846153
2014-05-05,77.23376623376623
2014-05-06,76.62179487179488
2014-05-07,78.17948717948718
2014-05-08,78.07792207792208
2014-05-09,79.34615384615384
2014-05-11,81.32236842105263
2014-05-12,81.21710526315789
2014-05-13,78.5592105263158
2014-05-15,83.20666666666666
2014-05-16,83.76351351351352
2014-05-18,83.00666666666666
2014-05-19,84.13333333333334
2014-05-20,84.54605263157895
2014-05-21,83.89333333333333
2014-05-22,80.21232876712328
2014-05-23,80.03472222222223
2014-05-25,78.5
2014-05-26,81.78378378378379
2014-05-27,83.56849315068493
2014-05-28,81.29452054794521
2014-05-30,82.01408450704226
2014-06-01,79.27083333333333
2014-06-02,79.62142857142857
2014-06-03,79.68493150684931
2014-06-04,80.38194444444444
2014-06-05,81.77083333333333
2014-06-06,83.34722222222223
2014-06-08,82.05555555555556
2014-06-09,81.42957746478874
2014-06-10,80.49324324324324
2014-06-11,78.63513513513513
2014-06-12,79.47972972972973
2014-06-13,79.91666666666667
2014-06-15,79.80405405405405
2014-06-16,79.15972222222223
2014-06-17,80.38888888888889
2014-06-18,78.71917808219177
2014-06-19,83.02777777777777
2014-06-20,82.0
2014-06-23,78.02816901408451
2014-06-24,77.4927536231884
2014-06-25,75.47857142857143
2014-06-26,77.08571428571429
2014-06-27,75.16428571428571
2014-06-29,71.29464285714286
2014-06-30,77.27857142857142
2014-07-01,75.7463768115942
2014-07-02,78.1015625
2014-07-03,77.85606060606061
2014-07-04,78.09375
2014-07-05,79.140625
2014-07-06,80.109375
2014-07-07,79.68253968253968
2014-07-08,80.95238095238095
2014-07-09,79.12698412698413
2014-07-10,82.53225806451613
2014-07-11,80.91538461538461
2014-07-12,80.73387096774194
2014-07-13,79.98387096774194
2014-07-14,81.35483870967742
2014-07-15,75.53846153846153
2014-07-16,80.984375
2014-07-17,80.50769230769231
2014-07-18,80.71212121212122
2014-07-19,75.60483870967742
2014-07-20,79.8
2014-07-21,79.98484848484848
2014-07-22,77.80597014925372
2014-07-23,79.17424242424242
2014-07-24,78.84328358208955
2014-07-25,78.84328358208955
2014-07-26,80.27611940298507
2014-07-27,80.66417910447761
2014-07-28,78.63970588235294
2014-07-29,80.63970588235294
2014-07-30,80.25735294117646
2014-07-31,79.5
2014-08-01,78.50746268656717
2014-08-02,75.53968253968254
2014-08-03,78.8076923076923
2014-08-04,78.38636363636364
2014-08-05,76.60606060606061
2014-08-06,77.37121212121212
2014-08-07,75.24242424242425
2014-08-08,75.06716417910448
2014-08-09,76.31060606060606
2014-08-10,76.93181818181819
2014-08-11,76.95454545454545
2014-08-12,74.64925373134328
2014-08-13,72.44776119402985
2014-08-14,71.83582089552239
2014-08-15,76.60833333333333
2014-08-16,75.25409836065573
2014-08-17,73.2734375
2014-08-18,74.48461538461538
2014-08-19,75.68461538461538
2014-08-20,77.43650793650794
2014-08-21,78.29230769230769
2014-08-22,78.33076923076923
2014-08-23,82.1774193548387
2014-08-24,82.28225806451613
2014-08-25,83.21774193548387
2014-08-26,83.47619047619048
2014-08-27,85.1484375
2014-08-28,80.54615384615384
2014-08-29,81.26515151515152
2014-08-31,78.63492063492063
2014-09-01,83.29230769230769
2014-09-02,83.078125
2014-09-03,84.11111111111111
2014-09-04,79.24264705882354
2014-09-05,81.93076923076923
2014-09-06,81.58333333333333
2014-09-07,82.6953125
2014-09-08,78.3984375
2014-09-09,80.35820895522389
2014-09-10,81.64492753623189
2014-09-11,81.1086956521739
2014-09-12,81.2536231884058
2014-09-13,81.23913043478261
2014-09-14,84.76666666666667
2014-09-15,89.9469696969697
2014-09-16,87.31343283582089
2014-09-17,86.21641791044776
2014-09-18,84.33582089552239
2014-09-19,86.1044776119403
2014-09-20,86.33088235294117
2014-09-21,86.63235294117646
2014-09-22,87.9779411764706
2014-09-23,87.22142857142858
2014-09-24,85.8840579710145
2014-09-26,89.19014084507042
2014-09-28,88.24305555555556
2014-09-29,85.38888888888889
2014-09-30,89.81944444444444
2014-10-08,86.57142857142857
2014-10-09,85.55633802816901
2014-10-10,82.28571428571429
2014-10-12,82.0774647887324
2014-10-13,81.20138888888889
2014-10-14,85.14383561643835
2014-10-15,96.33333333333333
2014-10-16,85.69852941176471
2014-10-17,83.06428571428572
2014-10-19,82.00704225352112
2014-10-20,81.45774647887323
2014-10-21,81.47972972972973
2014-10-22,85.03333333333333
2014-10-23,80.87837837837837
2014-10-24,78.54729729729729
2014-10-25,82.515625
2014-10-26,86.11702127659575
2014-10-27,91.29069767441861
2014-10-28,85.8913043478261
2014-10-29,83.66071428571429
2014-10-30,80.4090909090909
2014-10-31,75.46268656716418
2014-11-01,78.06428571428572
2014-11-02,78.76760563380282
2014-11-03,76.5
2014-11-04,79.15217391304348
2014-11-05,80.0
2014-11-06,81.63235294117646
2014-11-07,81.71014492753623
2014-11-08,80.88571428571429
2014-11-09,79.11428571428571
2014-11-10,78.14788732394366
2014-11-11,74.95890410958904
2014-11-12,75.70138888888889
2014-11-13,75.34722222222223
2014-11-14,76.09420289855072
2014-11-15,75.95652173913044
2014-11-16,74.94366197183099
2014-11-17,74.37837837837837
2014-11-18,72.62666666666667
2014-11-19,73.17123287671232
2014-11-20,82.1
2014-11-21,83.54605263157895
2014-11-22,76.06153846153846
2014-11-23,76.37323943661971
2014-11-24,75.83098591549296
2014-11-25,77.12857142857143
2014-11-26,77.72142857142858
2014-11-27,81.96825396825396
2014-11-28,78.89285714285714
2014-11-29,80.24647887323944
2014-11-30,81.3203125
2014-12-01,77.9041095890411
2014-12-02,84.85810810810811
2014-12-03,83.64864864864865
2014-12-04,71.67361111111111
2014-12-05,77.52739726027397
2014-12-06,85.03472222222223
2014-12-07,72.61805555555556
2014-12-08,77.6029411764706
2014-12-09,83.40163934426229
2014-12-10,79.04098360655738
2014-12-11,77.13571428571429
2014-12-12,73.6875
2014-12-13,75.84507042253522
2014-12-14,75.33098591549296
2014-12-15,77.32394366197182
2014-12-16,74.58108108108108
2014-12-17,76.67142857142858
2014-12-18,76.14
2014-12-19,76.64864864864865
2014-12-21,77.90845070422536
2014-12-22,75.17123287671232
2014-12-23,76.6986301369863
2014-12-24,75.88513513513513
2014-12-25,73.18571428571428
2014-12-26,72.78
2014-12-27,75.77922077922078
2014-12-28,74.56666666666666
2014-12-29,79.05263157894737
2014-12-30,75.77922077922078
2014-12-31,79.4873417721519
2015-01-01,79.78481012658227
2015-01-02,80.09615384615384
2015-01-03,75.77922077922078
2015-01-04,79.88311688311688
2015-01-05,78.17088607594937
2015-01-06,76.84415584415585
2015-01-07,75.0576923076923
2015-01-08,73.09868421052632
2015-01-09,75.68589743589743
2015-01-11,77.42
2015-01-12,76.18987341772151
2015-01-13,79.01234567901234
2015-01-14,78.59876543209876
2015-01-15,70.625
2015-01-16,78.67763157894737
2015-01-17,75.3051948051948
2015-01-18,73.22368421052632
2015-01-19,77.36708860759494
2015-01-20,72.25352112676056
2015-01-21,74.25333333333333
2015-01-22,75.14285714285714
2015-01-23,75.14285714285714
2015-01-25,71.44155844155844
2015-01-26,71.28
2015-01-27,71.39333333333333
2015-01-28,72.98701298701299
2015-01-29,75.07594936708861
2015-01-31,74.49367088607595
2015-02-01,73.56493506493507
2015-02-02,73.21794871794872
2015-02-03,73.17307692307692
2015-02-04,72.6
2015-02-05,71.00666666666666
2015-02-06,72.37662337662337
2015-02-07,72.83974358974359
2015-02-08,72.48701298701299
2015-02-09,70.47402597402598
2015-02-10,73.0
2015-02-11,74.4423076923077
2015-02-12,75.71428571428571
2015-02-13,74.52631578947368
2015-02-14,73.61538461538461
2015-02-15,73.58333333333333
2015-02-16,73.18831168831169
2015-02-18,77.12658227848101
2015-02-19,75.51923076923077
2015-02-20,74.00641025641026
2015-02-22,77.63291139240506
2015-02-23,76.95061728395062
2015-02-24,73.44155844155844
2015-02-25,68.94520547945206
2015-02-26,66.84666666666666
2015-02-27,72.46666666666667
2015-03-01,71.67105263157895
2015-03-02,72.52083333333333
2015-03-03,73.7987012987013
2015-03-06,74.15131578947368
2015-03-09,73.62857142857143
2015-03-10,73.20666666666666
2015-03-11,72.4931506849315
2015-03-12,75.30555555555556
2015-03-13,75.79861111111111
2015-03-14,73.12820512820512
2015-03-15,43.76923076923077
2015-03-16,72.43506493506493
2015-03-17,80.28571428571429
2015-03-18,78.91025641025641
2015-03-19,80.58974358974359
2015-03-20,79.67721518987342
2015-03-21,77.92405063291139
2015-03-22,78.31012658227849
2015-03-23,77.83544303797468
2015-03-24,70.83116883116882
2015-03-25,76.17088607594937
2015-03-26,70.02631578947368
2015-03-27,68.27272727272727
2015-03-28,72.1027397260274
2015-03-29,71.0958904109589
2015-03-30,73.68589743589743
2015-03-31,74.60897435897436
2015-04-01,73.13924050632912
2015-04-02,69.75
2015-04-03,77.04545454545455
2015-04-04,75.72727272727273
2015-04-05,75.91447368421052
2015-04-06,75.05194805194805
2015-04-07,75.86
2015-04-08,74.42105263157895
2015-04-10,76.86708860759494
2015-04-12,77.12162162162163
2015-04-13,75.0
2015-04-14,77.8972602739726
2015-04-15,76.61184210526316
2015-04-16,74.82236842105263
2015-04-17,75.58666666666667
2015-04-18,73.78947368421052
2015-04-19,71.3013698630137
2015-04-20,74.09868421052632
2015-04-21,72.29054054054055
2015-04-22,70.71621621621621
2015-04-23,74.81756756756756
2015-04-24,77.40789473684211
2015-04-25,76.85416666666667
2015-04-26,78.13888888888889
2015-04-27,77.47945205479452
2015-04-28,79.8082191780822
2015-04-29,79.58450704225352
2015-04-30,74.58450704225352
2015-05-01,73.71969696969697
2015-05-02,73.015625
2015-05-03,69.84027777777777
2015-05-04,71.15972222222223
2015-05-05,75.20138888888889
2015-05-06,72.91333333333333
2015-05-07,72.47333333333333
2015-05-08,71.66438356164383
2015-05-10,65.0
2015-05-11,69.51369863013699
2015-05-12,70.08219178082192
2015-05-13,68.25694444444444
2015-05-14,71.14788732394366
2015-05-15,69.77777777777777
2015-05-16,70.54929577464789
2015-05-17,69.28873239436619
2015-05-18,69.16901408450704
2015-05-19,70.09154929577464
2015-05-20,69.86619718309859
2015-05-21,69.73239436619718
2015-05-22,71.0
2015-05-23,69.45774647887323
2015-05-24,69.99285714285715
2015-05-25,69.29285714285714
2015-05-26,69.72857142857143
2015-05-27,69.50714285714285
2015-05-28,70.07142857142857
2015-05-29,71.4927536231884
2015-05-30,71.99295774647888
2015-05-31,69.55223880597015
2015-06-01,68.84558823529412
2015-06-02,68.92647058823529
2015-06-03,69.00735294117646
2015-06-04,70.20289855072464
2015-06-05,70.67391304347827
2015-06-06,71.72142857142858
2015-06-07,72.77142857142857
2015-06-08,73.04285714285714
2015-06-09,74.06521739130434
2015-06-10,74.72058823529412
2015-06-11,78.18115942028986
2015-06-12,76.94202898550725
2015-06-13,78.99285714285715
2015-06-14,75.84285714285714
2015-06-15,76.02898550724638
2015-06-16,76.26086956521739
2015-06-17,75.05
2015-06-18,73.15714285714286
2015-06-19,74.59285714285714
2015-06-20,73.64084507042253
2015-06-21,72.23571428571428
2015-06-22,72.15714285714286
2015-06-23,73.52941176470588
2015-06-24,75.8529411764706
2015-06-25,75.21323529411765
2015-06-26,75.1029411764706
2015-06-27,74.3695652173913
2015-06-28,77.38235294117646
2015-06-29,78.34558823529412
2015-06-30,79.24264705882354
2015-07-01,80.27536231884058
2015-07-02,80.69565217391305
2015-07-03,80.01449275362319
2015-07-04,86.0220588235294
2015-07-05,79.7463768115942
2015-07-06,82.6029411764706
2015-07-07,82.55147058823529
2015-07-08,81.65441176470588
2015-07-09,78.56521739130434
2015-07-10,79.38970588235294
2015-07-11,82.1029411764706
2015-07-12,81.19117647058823
2015-07-13,80.91791044776119
2015-07-14,82.12878787878788
2015-07-15,79.82835820895522
2015-07-16,77.92142857142858
2015-07-17,80.03571428571429
2015-07-18,80.1231884057971
2015-07-19,79.52142857142857
2015-07-20,78.69285714285714
2015-07-21,89.11764705882354
2015-07-22,77.18571428571428
2015-07-23,75.96428571428571
2015-07-24,75.61267605633803
2015-07-25,76.57971014492753
2015-07-26,79.0
2015-07-27,75.87857142857143
2015-07-28,76.07857142857142
2015-07-29,76.68571428571428
2015-07-30,76.79710144927536
2015-07-31,76.60714285714286
2015-08-01,75.79577464788733
2015-08-02,77.00704225352112
2015-08-03,75.4225352112676
2015-08-04,78.55633802816901
2015-08-05,78.7394366197183
2015-08-06,79.80714285714286
2015-08-07,81.21739130434783
2015-08-08,80.71428571428571
2015-08-09,79.77857142857142
2015-08-10,79.52816901408451
2015-08-11,79.4
2015-08-12,77.93661971830986
2015-08-13,77.65492957746478
2015-08-14,78.29285714285714
2015-08-15,80.1
2015-08-16,78.14084507042253
2015-08-17,77.01408450704226
2015-08-18,77.97142857142858
2015-08-19,76.6056338028169
2015-08-20,76.11267605633803
2015-08-21,75.87323943661971
2015-08-22,78.55072463768116
2015-08-23,75.97183098591549
2015-08-24,76.77464788732394
2015-08-25,76.45
2015-08-26,76.36428571428571
2015-08-27,77.04285714285714
2015-08-28,78.04477611940298
2015-08-29,78.55
2015-08-30,79.8731343283582
2015-08-31,82.83846153846154
2015-09-01,80.44776119402985
2015-09-02,79.12878787878788
2015-09-03,79.94117647058823
2015-09-04,80.54411764705883
2015-09-05,80.22058823529412
2015-09-06,79.32352941176471
2015-09-07,81.26119402985074
2015-09-08,81.03676470588235
2015-09-09,79.2463768115942
2015-09-10,79.48550724637681
2015-09-11,77.97142857142858
2015-09-12,80.56521739130434
2015-09-13,80.64285714285714
2015-09-14,82.06428571428572
2015-09-15,81.78260869565217
2015-09-16,80.3913043478261
2015-09-17,79.4779411764706
2015-09-18,77.92028985507247
2015-09-19,80.92142857142858
2015-09-20,80.81884057971014
2015-09-21,81.07246376811594
2015-09-22,81.19565217391305
2015-09-23,76.47857142857143
2015-09-24,80.41666666666667
2015-09-25,82.57042253521126
2015-09-26,86.45
2015-09-27,85.8169014084507
2015-09-28,85.38732394366197
2015-09-29,86.73571428571428
2015-09-30,89.67647058823529
2015-10-01,91.30882352941177
2015-10-02,90.72857142857143
2015-10-03,88.63194444444444
2015-10-04,91.28571428571429
2015-10-05,90.73571428571428
2015-10-06,93.6231884057971
2015-10-07,96.25
2015-10-08,96.48529411764706
2015-10-09,97.18382352941177
2015-10-10,97.76086956521739
2015-10-11,100.36764705882354
2015-10-12,89.56060606060606
2015-10-13,88.0
2015-10-14,97.58695652173913
2015-10-15,85.52941176470588
2015-10-16,90.0
2015-10-17,85.53424657534246
2015-10-18,85.77941176470588
2015-10-19,87.81617647058823
2015-10-20,88.41911764705883
2015-10-21,93.25396825396825
2015-10-22,107.01612903225806
2015-10-23,104.0079365079365
2015-10-24,99.24615384615385
2015-10-25,94.796875
2015-10-26,91.17460317460318
2015-10-27,85.49264705882354
2015-10-28,85.59420289855072
2015-10-29,82.04347826086956
2015-10-30,84.54477611940298
2015-10-31,86.70289855072464
2015-11-01,84.65151515151516
2015-11-02,83.8695652173913
2015-11-03,85.66417910447761
2015-11-04,85.88235294117646
2015-11-05,84.8913043478261
2015-11-06,84.81884057971014
2015-11-07,85.61428571428571
2015-11-08,89.2910447761194
2015-11-09,86.93478260869566
2015-11-10,87.02898550724638
2015-11-11,87.57246376811594
2015-11-12,86.60416666666667
2015-11-13,87.92708333333333
2015-11-14,81.4776119402985
2015-11-15,85.90441176470588
2015-11-16,82.93478260869566
2015-11-17,85.14492753623189
2015-11-18,83.12142857142857
2015-11-19,81.5
2015-11-20,80.66666666666667
2015-11-21,78.23611111111111
2015-11-22,83.01428571428572
2015-11-23,83.42857142857143
2015-11-24,81.49295774647888
2015-11-25,81.7394366197183
2015-11-26,82.45774647887323
2015-11-27,83.26760563380282
2015-11-28,82.21830985915493
2015-11-29,81.63571428571429
2015-11-30,80.15
2015-12-01,80.23571428571428
2015-12-02,81.15
2015-12-03,81.65714285714286
2015-12-04,80.05714285714286
2015-12-05,81.09859154929578
2015-12-06,81.94285714285714
2015-12-07,81.83571428571429
2015-12-08,81.63571428571429
2015-12-09,81.34027777777777
2015-12-10,80.55555555555556
2015-12-11,80.48611111111111
2015-12-12,80.6875
2015-12-13,81.9225352112676
2015-12-14,81.84285714285714
2015-12-15,80.72916666666667
2015-12-16,80.41666666666667
2015-12-17,80.77857142857142
2015-12-18,81.00694444444444
2015-12-19,80.23287671232876
2015-12-20,80.5
2015-12-21,82.05479452054794
2015-12-22,82.13013698630137
2015-12-23,82.49305555555556
2015-12-24,83.82876712328768
2015-12-25,83.62328767123287
2015-12-26,87.95833333333333
2015-12-27,79.88888888888889
2015-12-28,84.0608108108108
2015-12-29,85.85810810810811
2015-12-30,87.54054054054055
2015-12-31,86.64189189189189
2016-01-01,85.45890410958904
2016-01-02,86.22602739726027
2016-01-03,85.43835616438356
2016-01-04,86.57432432432432
2016-01-05,81.20270270270271
2016-01-06,80.78666666666666
2016-01-07,80.79333333333334
2016-01-08,80.90666666666667
2016-01-09,83.13513513513513
2016-01-10,79.65333333333334
2016-01-11,79.42666666666666
2016-01-12,78.15333333333334
2016-01-13,80.10666666666667
2016-01-14,80.62666666666667
2016-01-15,80.07333333333334
2016-01-16,79.14
2016-01-17,79.39333333333333
2016-01-18,80.00666666666666
2016-01-19,80.14
2016-01-20,79.03333333333333
2016-01-21,78.83333333333333
2016-01-22,79.66666666666667
2016-01-23,78.83783783783784
2016-01-24,79.33333333333333
2016-01-25,80.25
2016-01-26,80.52666666666667
2016-01-27,79.98684210526316
2016-01-28,80.22297297297297
2016-01-29,80.51333333333334
2016-01-30,80.06756756756756
2016-01-31,78.73684210526316
2016-02-01,78.13333333333334
2016-02-02,80.03333333333333
2016-02-03,78.6842105263158
2016-02-04,78.48684210526316
2016-02-05,78.22916666666667
2016-02-06,78.73972602739725
2016-02-07,78.35810810810811
2016-02-08,78.36486486486487
2016-02-09,77.39189189189189
2016-02-10,77.43243243243244
2016-02-11,77.76666666666667
2016-02-12,77.68666666666667
2016-02-13,78.5
2016-02-14,77.10666666666667
2016-02-15,75.72666666666667
2016-02-16,76.12
2016-02-17,75.9
2016-02-18,76.28378378378379
2016-02-19,76.20270270270271
2016-02-20,74.11805555555556
2016-02-21,76.64189189189189
2016-02-22,74.3445945945946
2016-02-23,74.70270270270271
2016-02-24,74.97260273972603
2016-02-25,74.41891891891892
2016-02-26,73.60135135135135
2016-02-27,73.32432432432432
2016-02-28,75.19594594594595
2016-02-29,75.27702702702703
2016-03-01,76.42567567567568
2016-03-02,78.04054054054055
2016-03-04,77.37333333333333
2016-03-05,77.23972602739725
2016-03-06,78.20666666666666
2016-03-07,78.26623376623377
2016-03-08,77.04605263157895
2016-03-09,77.11486486486487
2016-03-10,75.875
2016-03-11,76.00657894736842
2016-03-12,77.54
2016-03-13,78.29605263157895
2016-03-15,74.96794871794872
2016-03-16,76.4873417721519
2016-03-17,77.61842105263158
2016-03-18,77.87662337662337
2016-03-19,77.12666666666667
2016-03-20,79.57236842105263
2016-03-21,82.12328767123287
2016-03-22,81.14189189189189
2016-03-23,81.48648648648648
2016-03-24,81.62162162162163
2016-03-25,81.81506849315069
2016-03-26,82.90277777777777
2016-03-27,83.52739726027397
2016-03-28,85.27777777777777
2016-03-29,83.13380281690141
2016-03-30,83.35616438356165
2016-03-31,85.81944444444444
2016-04-01,83.75
2016-04-02,85.27142857142857
2016-04-03,82.46575342465754
2016-04-04,82.78378378378379
2016-04-05,83.78378378378379
2016-04-06,85.30405405405405
2016-04-07,83.96621621621621
2016-04-08,86.04166666666667
2016-04-09,88.61971830985915
2016-04-10,88.66901408450704
2016-04-11,96.0068493150685
2016-04-12,100.0068493150685
2016-04-13,101.04109589041096
2016-04-14,101.38888888888889
2016-04-15,100.64583333333333
2016-04-16,100.65972222222223
2016-04-17,100.17361111111111
2016-04-18,95.15068493150685
2016-04-19,92.54794520547945
2016-04-20,91.65753424657534
2016-04-21,90.26351351351352
2016-04-22,91.29729729729729
2016-04-23,92.31506849315069
2016-04-24,91.50675675675676
2016-04-25,91.91780821917808
2016-04-26,94.63698630136986
2016-04-27,96.4054054054054
2016-04-28,99.21428571428571
2016-04-29,99.52777777777777
2016-04-30,100.39285714285714
2016-05-01,99.24647887323944
2016-05-02,99.27777777777777
2016-05-03,102.90441176470588
2016-05-04,99.80147058823529
2016-05-05,99.84057971014492
2016-05-06,101.44029850746269
2016-05-07,97.99253731343283
2016-05-08,102.48529411764706
2016-05-09,103.1969696969697
2016-05-10,100.73484848484848
2016-05-11,101.0223880597015
2016-05-12,100.91044776119404
2016-05-13,99.92647058823529
2016-05-14,99.80597014925372
2016-05-15,99.56818181818181
2016-05-16,90.59848484848484
2016-05-17,94.91044776119404
2016-05-18,96.1044776119403
2016-05-19,96.02985074626865
2016-05-20,97.01492537313433
2016-05-21,96.90298507462687
2016-05-22,98.1470588235294
2016-05-23,95.0223880597015
2016-05-24,94.31343283582089
2016-05-25,93.11940298507463
2016-05-26,93.79710144927536
2016-05-27,93.15441176470588
2016-05-28,93.30147058823529
2016-05-29,91.61029411764706
2016-05-30,94.47058823529412
2016-05-31,93.26470588235294
2016-06-01,93.03676470588235
2016-06-02,93.18115942028986
2016-06-03,93.76086956521739
2016-06-04,92.91304347826087
2016-06-05,90.99285714285715
2016-06-06,88.83098591549296
2016-06-07,87.7394366197183
2016-06-08,85.58450704225352
2016-06-09,85.90140845070422
2016-06-10,86.02142857142857
2016-06-11,85.45
2016-06-12,85.42028985507247
2016-06-13,85.54347826086956
2016-06-14,85.17391304347827
2016-06-15,84.15714285714286
2016-06-16,83.43571428571428
2016-06-17,82.94366197183099
2016-06-18,82.82142857142857
2016-06-19,81.66428571428571
2016-06-20,77.95
2016-06-21,79.37857142857143
2016-06-22,80.45652173913044
2016-06-23,81.0
2016-06-24,80.54929577464789
2016-06-25,81.68115942028986
2016-06-26,82.35211267605634
2016-06-27,81.69285714285714
2016-06-28,83.58450704225352
2016-06-29,83.96478873239437
2016-06-30,83.15492957746478
2016-07-01,83.7394366197183
2016-07-02,87.97887323943662
2016-07-03,84.17857142857143
2016-07-04,84.99285714285715
2016-07-05,85.05714285714286
2016-07-06,92.3768115942029
2016-07-07,86.65217391304348
2016-07-08,92.3768115942029
2016-07-09,86.75
2016-07-10,91.76086956521739
2016-07-11,90.55072463768116
2016-07-12,95.82835820895522
2016-07-13,94.45588235294117
2016-07-14,91.34782608695652
2016-07-15,90.50735294117646
2016-07-16,90.42142857142858
2016-07-17,91.78358208955224
2016-07-18,90.63235294117646
2016-07-19,90.44852941176471
2016-07-20,87.94852941176471
2016-07-21,90.8529411764706
2016-07-22,89.80882352941177
2016-07-23,90.5223880597015
2016-07-24,92.76470588235294
2016-07-25,92.08088235294117
2016-07-26,92.66666666666667
2016-07-27,93.41428571428571
2016-07-28,92.98571428571428
2016-07-29,92.87857142857143
2016-07-30,93.25714285714285
2016-07-31,91.95
2016-08-01,91.65217391304348
2016-08-02,91.25
2016-08-03,94.59558823529412
2016-08-04,93.2536231884058
2016-08-05,103.65671641791045
2016-08-06,101.5220588235294
2016-08-07,102.08571428571429
2016-08-08,102.07857142857142
2016-08-09,101.90140845070422
2016-08-10,100.16197183098592
2016-08-11,101.51408450704226
2016-08-12,101.50704225352112
2016-08-13,101.09154929577464
2016-08-14,99.94366197183099
2016-08-15,100.36619718309859
2016-08-16,99.69285714285714
2016-08-17,99.7
2016-08-18,99.45
2016-08-19,100.16428571428571
2016-08-20,99.43571428571428
2016-08-21,96.82857142857142
2016-08-22,94.82142857142857
2016-08-23,95.65
2016-08-24,94.84285714285714
2016-08-25,111.1830985915493
2016-08-26,95.6231884057971
2016-08-27,96.70714285714286
2016-08-28,98.81159420289855
2016-08-29,100.83088235294117
2016-08-30,99.58088235294117
2016-08-31,99.47826086956522
2016-09-01,99.3695652173913
2016-09-02,98.12857142857143
2016-09-03,99.98571428571428
2016-09-04,94.64492753623189
2016-09-05,96.57971014492753
2016-09-06,95.76086956521739
2016-09-07,97.18656716417911
2016-09-08,96.44117647058823
2016-09-09,94.38235294117646
2016-09-10,94.02173913043478
2016-09-11,99.41044776119404
2016-09-12,94.58823529411765
2016-09-13,99.14925373134328
2016-09-14,94.2720588235294
2016-09-15,95.80882352941177
2016-09-16,98.31343283582089
2016-09-17,98.1268656716418
2016-09-18,102.49253731343283
2016-09-19,102.11940298507463
2016-09-20,102.15671641791045
2016-09-21,101.55882352941177
2016-09-22,98.37692307692308
2016-09-23,99.49230769230769
2016-09-24,99.3076923076923
2016-09-25,102.17424242424242
2016-09-26,99.75
2016-09-27,95.93939393939394
2016-09-28,98.06818181818181
2016-09-29,97.01470588235294
2016-09-30,96.41176470588235
2016-10-01,96.52941176470588
2016-10-02,93.875
2016-10-03,95.56617647058823
2016-10-04,95.125
2016-10-05,94.53676470588235
2016-10-06,95.9927536231884
2016-10-07,93.96376811594203
2016-10-08,94.90441176470588
2016-10-09,94.59701492537313
2016-10-10,98.59375
2016-10-11,102.4758064516129
2016-10-12,98.475
2016-10-13,93.5923076923077
2016-10-14,92.35606060606061
2016-10-15,92.19402985074628
2016-10-16,91.71739130434783
2016-10-17,91.3
2016-10-18,90.33571428571429
2016-10-19,89.69285714285714
2016-10-20,89.67142857142858
2016-10-21,91.25714285714285
2016-10-22,91.51449275362319
2016-10-23,92.97142857142858
2016-10-24,92.8623188405797
2016-10-25,94.05147058823529
2016-10-26,93.33088235294117
2016-10-27,92.41911764705883
2016-10-28,92.125
2016-10-29,91.74264705882354
2016-10-30,94.33088235294117
2016-10-31,95.4776119402985
2016-11-01,96.50769230769231
2016-11-02,98.26515151515152
2016-11-03,100.76515151515152
2016-11-04,98.37121212121212
2016-11-05,98.71212121212122
2016-11-06,95.81060606060606
2016-11-07,91.29545454545455
2016-11-08,91.02272727272727
2016-11-09,91.5
2016-11-10,91.21212121212122
2016-11-11,92.91044776119404
2016-11-12,93.6268656716418
2016-11-13,92.5
2016-11-14,93.46212121212122
2016-11-15,94.06060606060606
2016-11-16,94.46212121212122
2016-11-17,88.54615384615384
2016-11-18,89.13846153846154
2016-11-19,88.42537313432835
2016-11-20,89.44615384615385
2016-11-21,89.71969696969697
2016-11-22,89.18939393939394
2016-11-23,88.62121212121212
2016-11-24,89.23880597014926
2016-11-25,88.66417910447761
2016-11-26,88.44029850746269
2016-11-27,88.43478260869566
2016-11-28,87.81884057971014
2016-11-29,86.75735294117646
2016-11-30,83.3913043478261
2016-12-01,82.96428571428571
2016-12-02,83.2
2016-12-03,83.51428571428572
2016-12-04,84.71428571428571
2016-12-05,82.97887323943662
2016-12-06,81.97183098591549
2016-12-07,81.86619718309859
2016-12-08,81.65492957746478
2016-12-09,81.58450704225352
2016-12-10,82.16901408450704
2016-12-11,82.69718309859155
2016-12-12,82.93661971830986
2016-12-13,84.25352112676056
2016-12-14,84.32394366197182
2016-12-15,84.44366197183099
2016-12-16,83.65492957746478
2016-12-17,82.7605633802817
2016-12-18,82.88732394366197
2016-12-19,81.57042253521126
2016-12-20,81.47887323943662
2016-12-21,81.43661971830986
2016-12-22,80.20422535211267
2016-12-23,78.05633802816901
2016-12-24,78.80714285714286
2016-12-25,79.60714285714286
2016-12-26,80.97857142857143
2016-12-27,79.86029411764706
2016-12-28,78.39855072463769
2016-12-29,77.02173913043478
2016-12-30,77.38235294117646
2016-12-31,76.79710144927536
2017-01-01,74.95774647887323
2017-01-02,75.72535211267606
2017-01-03,75.61805555555556
2017-01-04,75.375
2017-01-05,75.53472222222223
2017-01-06,75.48611111111111
2017-01-07,74.02816901408451
2017-01-08,75.44444444444444
2017-01-09,75.22222222222223
2017-01-10,76.29861111111111
2017-01-11,76.46527777777777
2017-01-12,77.6376811594203
2017-01-13,77.7279411764706
2017-01-14,78.46376811594203
2017-01-15,78.86764705882354
2017-01-16,79.2394366197183
2017-01-17,80.05714285714286
2017-01-18,96.97183098591549
2017-01-19,80.55714285714286
2017-01-20,80.29285714285714
2017-01-21,80.07246376811594
2017-01-22,81.39285714285714
2017-01-23,81.64285714285714
2017-01-24,80.92857142857143
2017-01-25,80.03571428571429
2017-01-26,80.9
2017-01-27,80.79285714285714
2017-01-28,80.7
2017-01-29,78.22058823529412
2017-01-30,79.85
2017-01-31,77.8169014084507
2017-02-01,76.63380281690141
2017-02-02,76.79577464788733
2017-02-03,76.51388888888889
2017-02-04,76.88194444444444
2017-02-05,75.61971830985915
2017-02-06,75.90277777777777
2017-02-07,75.18055555555556
2017-02-08,74.41666666666667
2017-02-09,73.97916666666667
2017-02-10,74.98611111111111
2017-02-11,75.54861111111111
2017-02-12,75.91666666666667
2017-02-13,76.11805555555556
2017-02-14,76.81944444444444
2017-02-15,75.61805555555556
2017-02-16,75.51388888888889
2017-02-17,75.76760563380282
2017-02-18,76.67857142857143
2017-02-19,74.29861111111111
2017-02-20,73.79166666666667
2017-02-21,74.17361111111111
2017-02-22,74.125
2017-02-23,74.125
2017-02-25,75.20833333333333
2017-02-26,74.31944444444444
2017-02-27,75.20138888888889
2017-02-28,75.90972222222223
2017-03-01,72.14084507042253
2017-03-02,71.99295774647888
2017-03-04,74.17361111111111
2017-03-05,73.1056338028169
2017-03-06,73.6830985915493
2017-03-07,74.74647887323944
2017-03-08,73.98611111111111
2017-03-09,74.99305555555556
2017-03-10,74.38888888888889
2017-03-11,74.18055555555556
2017-03-13,78.69718309859155
2017-03-14,78.25352112676056
2017-03-15,78.03521126760563
2017-03-16,78.46527777777777
2017-03-17,78.67361111111111
2017-03-18,79.0625
2017-03-19,77.84027777777777
2017-03-20,76.43055555555556
2017-03-21,76.79452054794521
2017-03-22,77.25342465753425
2017-03-23,76.6986301369863
2017-03-24,76.62328767123287
2017-03-25,76.78082191780823
2017-03-26,76.68493150684931
2017-03-27,75.23287671232876
2017-03-28,77.43055555555556
2017-03-29,76.72535211267606
2017-03-30,79.32191780821918
2017-03-31,77.23287671232876
2017-04-01,77.26027397260275
2017-04-02,77.23287671232876
2017-04-03,77.31506849315069
2017-04-04,78.28767123287672
2017-04-05,78.39041095890411
2017-04-06,81.87671232876713
2017-04-07,81.34027777777777
2017-04-08,81.71527777777777
2017-04-09,79.93055555555556
2017-04-10,82.28082191780823
2017-04-11,83.75352112676056
2017-04-12,83.72535211267606
2017-04-13,85.01428571428572
2017-04-14,88.40277777777777
2017-04-15,84.58450704225352
2017-04-16,88.4225352112676
2017-04-17,87.72972972972973
2017-04-18,86.82394366197182
2017-04-19,85.40972222222223
2017-04-20,86.79285714285714
2017-04-21,89.96478873239437
2017-04-22,90.43661971830986
2017-04-23,88.80555555555556
2017-04-24,89.0
2017-04-25,88.65492957746478
2017-04-26,88.44366197183099
2017-04-27,88.28985507246377
2017-04-28,89.30434782608695
2017-04-29,90.02173913043478
2017-04-30,91.57462686567165
2017-05-01,92.30597014925372
2017-05-02,92.02985074626865
2017-05-03,90.9927536231884
2017-05-04,91.05797101449275
2017-05-05,89.97101449275362
2017-05-06,89.68115942028986
2017-05-07,88.6304347826087
2017-05-08,89.90579710144928
2017-05-09,89.8840579710145
2017-05-10,89.65942028985508
2017-05-11,90.24264705882354
2017-05-12,90.53731343283582
2017-05-13,89.20149253731343
2017-05-15,92.92424242424242
2017-05-16,91.33333333333333
2017-05-17,91.4927536231884
2017-05-18,88.76470588235294
2017-05-19,85.75
2017-05-20,85.7720588235294
2017-05-21,85.3970588235294
2017-05-22,85.02941176470588
2017-05-23,84.67647058823529
2017-05-24,85.19852941176471
2017-05-25,86.09558823529412
2017-05-26,86.09558823529412
2017-05-27,86.22058823529412
2017-05-28,87.94202898550725
2017-05-29,88.32608695652173
2017-05-30,86.4927536231884
2017-05-31,90.47142857142858
2017-06-01,88.17605633802818
2017-06-02,86.78169014084507
2017-06-03,88.2394366197183
2017-06-04,89.46478873239437
2017-06-05,89.62676056338029
2017-06-06,89.92142857142858
2017-06-07,89.5
2017-06-08,87.17361111111111
2017-06-09,87.36805555555556
2017-06-10,87.79861111111111
2017-06-11,85.61805555555556
2017-06-12,85.4041095890411
2017-06-13,85.36111111111111
2017-06-14,85.15492957746478
2017-06-15,85.69014084507042
2017-06-16,84.2605633802817
2017-06-17,86.11267605633803
2017-06-18,87.41304347826087
2017-06-19,87.3623188405797
2017-06-20,86.57246376811594
2017-06-21,85.95588235294117
2017-06-22,87.07462686567165
2017-06-23,87.17647058823529
2017-06-24,87.18382352941177
2017-06-25,86.75
2017-06-26,87.44615384615385
2017-06-27,85.26865671641791
2017-06-28,85.63432835820896
2017-06-29,85.56716417910448
2017-06-30,85.04545454545455
2017-07-01,85.9469696969697
2017-07-02,85.9469696969697
2017-07-03,86.41538461538461
2017-07-04,84.69402985074628
2017-07-05,85.56716417910448
2017-07-06,84.91044776119404
2017-07-07,84.04411764705883
2017-07-08,84.04411764705883
2017-07-09,86.55072463768116
2017-07-10,83.46323529411765
2017-07-11,85.70588235294117
2017-07-12,85.71323529411765
2017-07-13,85.88235294117646
2017-07-14,86.75
2017-07-15,86.54411764705883
2017-07-16,86.70588235294117
2017-07-17,87.00735294117646
2017-07-18,90.03676470588235
2017-07-19,89.43382352941177
2017-07-20,86.6029411764706
2017-07-21,86.40441176470588
2017-07-22,84.75
2017-07-23,87.0220588235294
2017-07-24,85.7536231884058
2017-07-25,84.05072463768116
2017-07-26,84.67391304347827
2017-07-27,84.19565217391305
2017-07-28,84.84782608695652
2017-07-29,84.84782608695652
2017-07-30,85.02173913043478
2017-07-31,84.94927536231884
2017-08-01,84.05882352941177
2017-08-02,84.18382352941177
2017-08-03,84.8529411764706
2017-08-04,84.05797101449275
2017-08-05,84.07971014492753
2017-08-06,84.58695652173913
2017-08-07,85.40151515151516
2017-08-08,85.91666666666667
2017-08-09,86.27611940298507
2017-08-10,87.0223880597015
2017-08-11,87.59848484848484
2017-08-12,87.52272727272727
2017-08-13,89.35384615384615
2017-08-14,87.3923076923077
2017-08-15,88.53030303030303
2017-08-16,89.56923076923077
2017-08-17,92.02307692307693
2017-08-18,92.51538461538462
2017-08-19,92.66923076923077
2017-08-20,90.41538461538461
2017-08-21,93.76515151515152
2017-08-22,96.59848484848484
2017-08-23,96.82575757575758
2017-08-24,93.27272727272727
2017-08-25,95.99242424242425
2017-08-26,95.99242424242425
2017-08-27,95.09848484848484
2017-08-28,93.92424242424242
2017-08-29,93.59848484848484
2017-08-30,91.76515151515152
2017-08-31,90.61363636363636
2017-09-01,91.23484848484848
2017-09-02,91.22727272727273
2017-09-03,90.25
2017-09-04,90.00757575757575
2017-09-05,90.04545454545455
2017-09-06,91.12307692307692
2017-09-07,90.55384615384615
2017-09-08,90.78787878787878
2017-09-09,90.71212121212122
2017-09-10,91.82307692307693
2017-09-11,92.2890625
2017-09-12,90.78461538461538
2017-09-13,89.57692307692308
2017-09-14,89.3
2017-09-15,88.78030303030303
2017-09-16,89.12121212121212
2017-09-17,89.3030303030303
2017-09-18,89.35606060606061
2017-09-20,89.20149253731343
2017-09-21,89.20149253731343
2017-09-22,95.44776119402985
2017-09-23,94.51492537313433
2017-09-24,89.86567164179104
2017-09-25,90.31343283582089
2017-09-26,90.6969696969697
2017-09-27,90.46268656716418
2017-09-28,93.38636363636364
2017-09-29,97.14615384615385
2017-09-30,91.10317460317461
2017-10-01,92.2258064516129
2017-10-02,89.16923076923077
2017-10-03,93.48484848484848
2017-10-04,93.9
2017-10-05,91.22727272727273
2017-10-06,90.03030303030303
2017-10-07,89.56060606060606
2017-10-08,92.83846153846154
2017-10-09,92.51538461538462
2017-10-10,94.54615384615384
2017-10-11,95.23076923076923
2017-10-12,97.359375
2017-10-13,97.47727272727273
2017-10-14,97.33333333333333
2017-10-15,97.73484848484848
2017-10-16,95.87878787878788
2017-10-17,98.79545454545455
2017-10-18,99.3030303030303
2017-10-19,100.67692307692307
2017-10-20,101.25
2017-10-21,112.92622950819673
2017-10-22,117.93650793650794
2017-10-23,118.3125
2017-10-24,107.44615384615385
2017-10-25,99.2265625
2017-10-26,97.8203125
2017-10-27,97.54615384615384
2017-10-28,98.03846153846153
2017-10-29,99.1328125
2017-10-30,98.99230769230769
2017-10-31,97.2578125
2017-11-01,101.28125
2017-11-02,98.3125
2017-11-03,99.015625
2017-11-04,100.26190476190476
2017-11-05,101.22222222222223
2017-11-06,96.9921875
2017-11-07,97.51538461538462
2017-11-08,100.37692307692308
2017-11-09,99.33076923076923
2017-11-10,100.296875
2017-11-11,99.37692307692308
2017-11-12,99.24615384615385
2017-11-13,99.27692307692308
2017-11-14,99.21538461538462
2017-11-15,98.26923076923077
2017-11-16,95.29230769230769
2017-11-17,96.45384615384616
2017-11-18,95.45384615384616
2017-11-19,95.55384615384615
2017-11-20,92.8409090909091
2017-11-21,91.42424242424242
2017-11-22,88.81343283582089
2017-11-23,89.5530303030303
2017-11-24,89.53676470588235
2017-11-25,89.86764705882354
2017-11-26,90.80882352941177
2017-11-27,91.1029411764706
2017-11-28,88.21323529411765
2017-11-29,86.44852941176471
2017-11-30,85.47014925373135
2017-12-01,85.28358208955224
2017-12-02,85.16417910447761
2017-12-03,88.53623188405797
2017-12-04,87.87121212121212
2017-12-05,87.5909090909091
2017-12-06,86.68461538461538
2017-12-08,88.9765625
2017-12-09,88.9765625
2017-12-10,83.8923076923077
2017-12-11,83.28030303030303
2017-12-12,81.85606060606061
2017-12-13,80.41538461538461
2017-12-14,79.87692307692308
2017-12-15,80.54615384615384
2017-12-16,80.42307692307692
2017-12-17,79.0923076923077
2017-12-18,76.63636363636364
2017-12-19,76.20454545454545
2017-12-20,74.3
2017-12-27,74.64179104477611
2017-12-28,75.375
2017-12-29,75.20588235294117
2017-12-30,75.16911764705883
2017-12-31,76.49264705882354
2018-01-01,75.91911764705883
2018-01-02,75.91791044776119
2018-01-03,76.35074626865672
2018-01-04,76.13432835820896
2018-01-05,76.36567164179104
2018-01-06,76.31343283582089
2018-01-07,76.90151515151516
2018-01-08,77.11363636363636
2018-01-09,77.65151515151516
2018-01-10,81.1029411764706
2018-01-11,81.63970588235294
2018-01-12,83.13235294117646
2018-01-13,84.08208955223881
2018-01-14,88.28358208955224
2018-01-16,86.06060606060606
2018-01-17,85.32575757575758
2018-01-18,84.47727272727273
2018-01-19,86.07692307692308
2018-01-20,86.18461538461538
2018-01-21,84.37121212121212
2018-01-22,82.7109375
2018-01-23,82.5
2018-01-24,82.3955223880597
2018-01-25,82.32352941176471
2018-01-26,82.64393939393939
2018-01-27,82.05797101449275
2018-01-28,81.66666666666667
2018-01-29,80.65441176470588
2018-01-30,79.27857142857142
2018-01-31,79.3
2018-02-01,78.85211267605634
2018-02-02,77.58450704225352
2018-02-03,77.5774647887324
2018-02-04,77.58695652173913
2018-02-05,78.83823529411765
2018-02-06,79.47058823529412
2018-02-07,79.22388059701493
2018-02-08,78.70149253731343
2018-02-09,78.1044776119403
2018-02-10,78.55223880597015
2018-02-11,77.6953125
2018-02-12,78.859375
2018-02-13,72.96875
2018-02-14,78.41666666666667
2018-02-15,79.38805970149254
2018-02-16,79.43939393939394
2018-02-17,79.41044776119404
2018-02-18,76.8955223880597
2018-02-19,78.43283582089552
2018-02-20,78.52985074626865
2018-02-21,77.43283582089552
2018-02-22,77.23529411764706
2018-02-23,78.32352941176471
2018-02-24,78.80882352941177
2018-02-25,78.11764705882354
2018-02-26,78.57352941176471
2018-02-27,76.41666666666667
2018-02-28,74.51492537313433
2018-03-01,73.94776119402985
2018-03-02,74.00746268656717
2018-03-03,73.5223880597015
2018-03-05,75.47692307692307
2018-03-06,77.76923076923077
2018-03-07,78.5
2018-03-08,79.34558823529412
2018-03-09,85.5
2018-03-10,93.23076923076923
2018-03-11,79.34057971014492
2018-03-12,78.99295774647888
2018-03-13,79.3695652173913
2018-03-14,81.50714285714285
2018-03-15,82.20714285714286
2018-03-16,81.83571428571429
2018-03-17,81.94285714285714
2018-03-18,81.40579710144928
2018-03-19,82.51428571428572
2018-03-20,85.12676056338029
2018-03-21,97.44366197183099
2018-03-22,97.18571428571428
2018-03-23,96.53521126760563
2018-03-24,95.97887323943662
2018-03-25,94.10714285714286
2018-03-26,90.61971830985915
2018-03-27,92.57857142857142
2018-03-28,93.02898550724638
2018-03-29,90.82608695652173
2018-03-30,89.84285714285714
2018-03-31,90.40714285714286
2018-04-01,90.12142857142857
2018-04-02,90.26428571428572
2018-04-03,92.97916666666667
2018-04-04,96.03521126760563
2018-04-05,96.59859154929578
2018-04-06,104.3840579710145
2018-04-07,99.3695652173913
2018-04-08,107.31884057971014
2018-04-09,106.3529411764706
2018-04-10,106.15217391304348
2018-04-11,105.76470588235294
2018-04-12,105.08208955223881
2018-04-13,105.23134328358209
2018-04-14,88.00746268656717
2018-04-15,90.42537313432835
2018-04-16,90.43283582089552
2018-04-17,92.97058823529412
2018-04-18,91.80147058823529
2018-04-19,90.71323529411765
2018-04-20,88.53676470588235
2018-04-21,87.64179104477611
2018-04-22,86.8970588235294
2018-04-23,86.83823529411765
2018-04-24,87.13235294117646
2018-04-25,84.48507462686567
2018-04-26,84.48507462686567
2018-04-27,86.94776119402985
2018-04-28,86.73134328358209
2018-04-29,86.15671641791045
2018-04-30,85.03676470588235
2018-05-01,86.19852941176471
2018-05-02,85.38970588235294
2018-05-03,85.70588235294117
2018-05-04,84.0
2018-05-05,82.79411764705883
2018-05-06,83.57462686567165
2018-05-07,82.9776119402985
2018-05-08,82.40298507462687
2018-05-09,83.6
2018-05-10,83.3
2018-05-11,84.5923076923077
2018-05-12,84.58461538461539
2018-05-13,84.66153846153846
2018-05-14,84.12878787878788
2018-05-15,86.22727272727273
2018-05-16,85.21969696969697
2018-05-17,85.29545454545455
2018-05-18,84.37121212121212
2018-05-19,84.3030303030303
2018-05-20,84.72307692307692
2018-05-21,83.76923076923077
2018-05-22,85.2421875
2018-05-23,85.5859375
2018-05-24,83.47692307692307
2018-05-25,82.2421875
2018-05-26,81.16923076923077
2018-05-27,84.1171875
2018-05-28,83.703125
2018-05-29,84.36153846153846
2018-05-30,84.046875
2018-05-31,83.86153846153846
2018-06-01,82.91538461538461
2018-06-02,82.37692307692308
2018-06-03,82.48461538461538
2018-06-04,81.03846153846153
2018-06-05,81.06923076923077
2018-06-06,79.94615384615385
2018-06-07,80.17692307692307
2018-06-08,82.0078125
2018-06-09,79.421875
2018-06-10,77.13492063492063
2018-06-11,78.0078125
2018-06-12,79.33333333333333
2018-06-13,78.828125
2018-06-14,78.03076923076924
2018-06-15,77.14615384615385
2018-06-16,77.22307692307692
2018-06-17,79.93076923076923
2018-06-18,77.98461538461538
2018-06-19,79.11538461538461
2018-06-20,84.4920634920635
2018-06-21,87.45238095238095
2018-06-22,89.11290322580645
2018-06-23,88.65079365079364
2018-06-24,86.54761904761905
2018-06-25,86.62903225806451
2018-06-26,85.01612903225806
2018-06-27,85.4274193548387
2018-06-28,85.01639344262296
2018-06-29,84.19672131147541
2018-06-30,83.12903225806451
2018-07-01,83.5
2018-07-02,84.24193548387096
2018-07-03,88.59836065573771
2018-07-04,82.20161290322581
2018-07-05,81.60483870967742
2018-07-06,81.80645161290323
2018-07-07,81.80645161290323
2018-07-08,81.86290322580645
2018-07-09,87.06451612903226
2018-07-10,86.81147540983606
2018-07-11,86.09166666666667
2018-07-12,84.28333333333333
2018-07-13,87.075
2018-07-14,86.65
2018-07-15,85.86065573770492
2018-07-16,85.38333333333334
2018-07-17,89.88524590163935
2018-07-18,91.35833333333333
2018-07-19,87.66666666666667
2018-07-20,90.08064516129032
2018-07-21,91.0241935483871
2018-07-22,91.41129032258064
2018-07-23,87.98387096774194
2018-07-24,88.99193548387096
2018-07-25,88.75
2018-07-26,88.79032258064517
2018-07-27,89.11290322580645
2018-07-28,88.69354838709677
2018-07-29,91.26229508196721
2018-07-30,92.56557377049181
2018-07-31,93.09836065573771
2018-08-01,91.30327868852459
2018-08-02,93.52459016393442
2018-08-03,94.77049180327869
2018-08-04,94.52459016393442
2018-08-05,97.13934426229508
2018-08-06,96.80327868852459
2018-08-07,97.71311475409836
2018-08-08,97.21666666666667
2018-08-09,98.42622950819673
2018-08-10,99.24590163934427
2018-08-11,99.40163934426229
2018-08-12,102.29508196721312
2018-08-13,99.48333333333333
2018-08-14,98.86440677966101
2018-08-15,98.26271186440678
2018-08-16,99.83898305084746
2018-08-17,102.78448275862068
2018-08-18,102.26724137931035
2018-08-19,104.26271186440678
2018-08-20,102.42372881355932
2018-08-21,83.125
2018-08-22,104.7542372881356
2018-08-23,104.66949152542372
2018-08-24,104.2457627118644
2018-08-25,101.0
2018-08-26,99.44067796610169
2018-08-27,107.55737704918033
2018-08-28,97.75833333333334
2018-08-29,97.78333333333333
2018-08-30,97.41666666666667
2018-08-31,96.6864406779661
2018-09-01,97.41803278688525
2018-09-02,99.22131147540983
2018-09-03,97.19672131147541
2018-09-04,99.64166666666667
2018-09-05,98.99166666666666
2018-09-06,94.52459016393442
2018-09-07,97.97540983606558
2018-09-08,97.85245901639344
2018-09-09,99.47540983606558
2018-09-10,102.00819672131148
2018-09-11,100.87704918032787
2018-09-12,95.75409836065573
2018-09-13,99.31967213114754
2018-09-14,98.26229508196721
2018-09-15,97.19672131147541
2018-09-16,97.68032786885246
2018-09-17,97.40677966101696
2018-09-18,97.53448275862068
2018-09-19,102.33050847457628
2018-09-20,101.38135593220339
2018-09-21,103.60344827586206
2018-09-22,100.29310344827586
2018-09-23,96.51694915254237
2018-09-24,93.58474576271186
2018-09-25,94.38983050847457
2018-09-26,94.63793103448276
2018-09-27,93.56896551724138
2018-09-28,94.1896551724138
2018-09-29,93.26271186440678
2018-09-30,92.30508474576271
2018-10-01,91.50847457627118
2018-10-02,93.50862068965517
2018-10-03,91.77966101694915
2018-10-04,92.80327868852459
2018-10-05,93.3
2018-10-06,93.03333333333333
2018-10-07,90.58064516129032
2018-10-08,87.27868852459017
2018-10-09,85.56451612903226
2018-10-10,86.49180327868852
2018-10-11,86.14166666666667
2018-10-12,86.28688524590164
2018-10-13,88.875
2018-10-14,91.0
2018-10-15,89.16666666666667
2018-10-16,85.87903225806451
2018-10-17,91.39655172413794
2018-10-18,96.1574074074074
2018-10-19,95.16363636363636
2018-10-20,86.78571428571429
2018-10-21,86.28070175438596
2018-10-22,85.87719298245614
2018-10-23,86.59821428571429
2018-10-24,82.64166666666667
2018-10-25,83.96666666666667
2018-10-26,84.33333333333333
2018-10-27,82.58333333333333
2018-10-28,82.20833333333333
2018-10-29,83.18333333333334
2018-10-30,80.77966101694915
2018-10-31,81.125
2018-11-01,80.80327868852459
2018-11-02,79.90322580645162
2018-11-03,78.54838709677419
2018-11-04,78.41935483870968
2018-11-05,79.45161290322581
2018-11-06,79.2258064516129
2018-11-07,79.70967741935483
2018-11-08,77.98387096774194
2018-11-09,78.20967741935483
2018-11-10,75.30555555555556
2018-11-11,76.79838709677419
2018-11-12,77.9047619047619
2018-11-13,76.7741935483871
2018-11-14,75.24590163934427
2018-11-15,73.52380952380952
2018-11-16,71.6484375
2018-11-17,72.08333333333333
2018-11-18,73.25
2018-11-19,73.56716417910448
2018-11-20,75.08955223880596
2018-11-21,75.73134328358209
2018-11-22,76.49253731343283
2018-11-23,75.21212121212122
2018-11-24,75.81060606060606
2018-11-25,75.15151515151516
2018-11-26,73.89393939393939
2018-11-27,75.77272727272727
2018-11-28,75.6590909090909
2018-11-29,74.15151515151516
2018-11-30,73.76515151515152
2018-12-01,73.79545454545455
2018-12-02,73.8828125
2018-12-03,75.41666666666667
2018-12-04,74.14179104477611
2018-12-05,73.2910447761194
2018-12-06,73.58955223880596
2018-12-07,75.04477611940298
2018-12-08,75.01492537313433
2018-12-09,76.00757575757575
2018-12-10,76.71641791044776
2018-12-11,76.93283582089552
2018-12-12,78.41044776119404
2018-12-13,80.95384615384616
2018-12-14,82.15384615384616
2018-12-15,82.46153846153847
2018-12-16,81.8
2018-12-17,81.06923076923077
2018-12-18,80.13076923076923
2018-12-19,80.3
2018-12-20,79.46212121212122
2018-12-21,79.17424242424242
2018-12-22,79.37121212121212
2018-12-23,80.26865671641791
2018-12-24,88.29850746268657
2018-12-25,88.57462686567165
2018-12-26,88.62878787878788
2018-12-27,86.88461538461539
2018-12-28,84.31343283582089
2018-12-29,87.57462686567165
2018-12-30,88.11940298507463
2018-12-31,88.34558823529412
2019-01-01,88.02898550724638
2019-01-02,90.25
2019-01-03,90.2279411764706
2019-01-04,89.61029411764706
2019-01-05,89.72058823529412
2019-01-06,89.67647058823529
2019-01-07,88.55797101449275
2019-01-08,90.94202898550725
2019-01-09,87.59558823529412
2019-01-10,85.47014925373135
2019-01-11,85.72463768115942
2019-01-12,86.90579710144928
2019-01-13,85.54347826086956
2019-01-14,85.32608695652173
2019-01-15,86.43478260869566
2019-01-16,87.25
2019-01-17,86.25714285714285
2019-01-18,84.72142857142858
2019-01-19,83.86428571428571
2019-01-20,84.00714285714285
2019-01-21,82.81428571428572
2019-01-22,85.96323529411765
2019-01-23,84.24264705882354
2019-01-24,84.23529411764706
2019-01-25,80.73529411764706
2019-01-26,80.44117647058823
2019-01-27,82.2279411764706
2019-01-28,81.44029850746269
2019-01-29,78.00746268656717
2019-01-30,77.65441176470588
2019-01-31,77.125
2019-02-01,79.13235294117646
2019-02-02,77.11764705882354
2019-02-03,76.17647058823529
2019-02-04,77.47826086956522
2019-02-05,76.80434782608695
2019-02-06,74.81159420289855
2019-02-07,75.26470588235294
2019-02-08,77.62307692307692
2019-02-09,80.02307692307693
2019-02-10,80.26984126984127
2019-02-11,80.55645161290323
2019-02-12,79.30645161290323
2019-02-13,76.83333333333333
2019-02-14,75.7890625
2019-02-15,75.50769230769231
2019-02-16,76.7265625
2019-02-17,77.12878787878788
2019-02-18,75.74242424242425
2019-02-19,73.3923076923077
2019-02-20,74.54615384615384
2019-02-21,73.13846153846154
2019-02-22,72.33076923076923
2019-02-23,74.83076923076923
2019-02-24,74.1
2019-02-25,73.8359375
2019-02-26,74.25806451612904
2019-02-27,73.4609375
2019-02-28,75.7
2019-03-01,75.73076923076923
2019-03-02,76.00769230769231
2019-03-03,76.56349206349206
2019-03-05,77.0078125
2019-03-06,77.0859375
2019-03-07,76.5952380952381
2019-03-08,80.83582089552239
2019-03-09,80.82575757575758
2019-03-10,80.60606060606061
2019-03-11,78.19047619047619
2019-03-12,80.09677419354838
2019-03-13,80.25396825396825
2019-03-14,79.8225806451613
2019-03-15,80.29838709677419
2019-03-16,80.0
2019-03-17,79.49180327868852
2019-03-18,79.19047619047619
2019-03-19,76.42372881355932
2019-03-20,78.75806451612904
2019-03-21,76.03225806451613
2019-03-22,78.09677419354838
2019-03-23,76.71428571428571
2019-03-24,78.5
2019-03-25,81.0530303030303
2019-03-26,80.8409090909091
2019-03-27,79.08333333333333
2019-03-28,78.84328358208955
2019-03-29,78.75
2019-03-30,78.71212121212122
2019-03-31,77.6969696969697
2019-04-01,75.9469696969697
2019-04-02,77.78358208955224
2019-04-03,76.92647058823529
2019-04-04,78.02985074626865
2019-04-05,77.94776119402985
2019-04-06,77.17910447761194
2019-04-07,79.1268656716418
2019-04-08,78.74626865671642
2019-04-09,79.79545454545455
2019-04-10,80.26119402985074
2019-04-11,82.65942028985508
2019-04-12,80.1268656716418
2019-04-13,82.99264705882354
2019-04-14,83.875
2019-04-15,84.88235294117646
2019-04-16,85.21739130434783
2019-04-17,87.05072463768116
2019-04-18,89.66911764705883
2019-04-19,89.68656716417911
2019-04-20,89.4469696969697
2019-04-21,91.953125
2019-04-22,91.4076923076923
2019-04-23,93.73846153846154
2019-04-24,92.31538461538462
2019-04-25,90.88461538461539
2019-04-26,88.23076923076923
2019-04-27,92.984375
2019-04-28,89.91666666666667
2019-04-29,90.47692307692307
2019-04-30,89.74615384615385
2019-05-01,89.07692307692308
2019-05-02,88.93076923076923
2019-05-03,90.63076923076923
2019-05-04,89.78461538461538
2019-05-05,90.66129032258064
2019-05-06,93.2734375
2019-05-07,93.15873015873017
2019-05-08,94.57936507936508
2019-05-09,97.1984126984127
2019-05-10,98.65873015873017
2019-05-11,98.31746031746032
2019-05-12,96.59375
2019-05-13,98.13709677419355
2019-05-14,94.8688524590164
2019-05-15,93.31147540983606
2019-05-16,93.61475409836065
2019-05-17,95.09016393442623
2019-05-18,96.0
2019-05-19,96.12698412698413
2019-05-20,96.53174603174604
2019-05-21,96.56349206349206
2019-05-22,96.7936507936508
2019-05-23,97.38095238095238
2019-05-24,98.32539682539682
2019-05-25,96.38095238095238
2019-05-26,96.5390625
2019-05-27,90.1
2019-05-28,91.578125
2019-05-29,95.54545454545455
2019-05-30,91.8923076923077
2019-05-31,105.79220779220779
2019-06-01,103.95333333333333
2019-06-02,104.84666666666666
2019-06-03,104.46
2019-06-04,101.53012048192771
2019-06-05,96.07738095238095
2019-06-06,96.06470588235294
2019-06-07,94.98809523809524
2019-06-08,98.5679012345679
2019-06-09,101.52439024390245
2019-06-10,102.46296296296296
2019-06-11,102.38888888888889
2019-06-12,102.8395061728395
2019-06-13,105.8641975308642
2019-06-14,105.78395061728395
2019-06-15,106.3375
2019-06-16,109.45
2019-06-17,110.85802469135803
2019-06-18,110.2
2019-06-19,111.43506493506493
2019-06-20,110.98076923076923
2019-06-21,107.5632911392405
2019-06-22,106.30128205128206
2019-06-23,106.24683544303798
2019-06-24,105.63291139240506
2019-06-25,105.78481012658227
2019-06-26,104.28125
2019-06-27,107.46794871794872
2019-06-28,110.23417721518987
2019-06-29,108.5126582278481
2019-06-30,107.625
2019-07-01,106.275
2019-07-02,106.94375
2019-07-03,105.42592592592592
2019-07-04,104.89375
2019-07-05,105.125
2019-07-06,107.21153846153847
2019-07-07,109.88666666666667
2019-07-08,108.68589743589743
2019-07-09,109.12337662337663
2019-07-10,108.64285714285714
2019-07-11,111.77922077922078
2019-07-12,110.35064935064935
2019-07-13,128.39705882352942
2019-07-14,118.51298701298701
2019-07-15,116.86
2019-07-16,116.61184210526316
2019-07-17,116.11538461538461
2019-07-18,118.7987012987013
2019-07-19,116.34415584415585
2019-07-20,116.12820512820512
2019-07-21,118.5
2019-07-22,117.9113924050633
2019-07-23,115.8375
2019-07-24,113.4125
2019-07-25,115.625
2019-07-26,112.95121951219512
2019-07-27,113.75625
2019-07-28,114.42307692307692
2019-07-29,115.84666666666666
2019-07-30,115.82467532467533
2019-07-31,115.1948051948052
2019-08-01,117.36363636363636
2019-08-02,114.0
2019-08-03,112.21428571428571
2019-08-04,114.11842105263158
2019-08-05,113.21052631578948
2019-08-06,112.59740259740259
2019-08-07,112.08441558441558
2019-08-08,110.24675324675324
2019-08-09,108.82666666666667
2019-08-10,107.63157894736842
2019-08-11,108.65333333333334
2019-08-12,106.93333333333334
2019-08-13,106.62
2019-08-14,108.35810810810811
2019-08-15,111.08108108108108
2019-08-16,109.11643835616438
2019-08-17,106.66428571428571
2019-08-18,103.52054794520548
2019-08-19,103.53333333333333
2019-08-20,107.21232876712328
2019-08-21,105.36111111111111
2019-08-22,112.38513513513513
2019-08-23,111.16891891891892
2019-08-24,111.15068493150685
2019-08-25,115.8445945945946
2019-08-26,110.92567567567568
2019-08-27,106.35135135135135
2019-08-28,107.98648648648648
2019-08-29,104.12162162162163
2019-08-30,107.71232876712328
2019-08-31,108.34246575342466
2019-09-01,104.76027397260275
2019-09-02,98.54929577464789
2019-09-03,101.44366197183099
2019-09-04,101.29285714285714
2019-09-05,101.22916666666667
2019-09-06,101.82
2019-09-07,103.51333333333334
2019-09-08,102.49324324324324
2019-09-09,103.09027777777777
2019-09-10,103.06849315068493
2019-09-11,102.88356164383562
2019-09-12,102.72972972972973
2019-09-13,102.61111111111111
2019-09-14,108.42857142857143
2019-09-15,110.96575342465754
2019-09-16,110.46527777777777
2019-09-17,111.625
2019-09-18,114.71818181818182
2019-09-19,125.8984375
2019-09-20,118.30434782608695
2019-09-21,113.8013698630137
2019-09-22,119.0774647887324
2019-09-23,126.01428571428572
2019-09-24,126.28169014084507
2019-09-25,129.44285714285715
2019-09-26,126.11805555555556
2019-09-27,126.03521126760563
2019-09-28,129.42142857142858
2019-09-29,123.81428571428572
2019-09-30,125.43571428571428
2019-10-01,127.11029411764706
2019-10-02,129.12686567164178
2019-10-03,130.52173913043478
2019-10-04,129.69117647058823
2019-10-05,135.89705882352942
2019-10-06,141.3913043478261
2019-10-07,146.61475409836066
2019-10-08,148.03731343283582
2019-10-09,145.25396825396825
2019-10-10,135.90322580645162
2019-10-11,140.53731343283582
2019-10-12,134.65217391304347
2019-10-13,131.28358208955223
2019-10-14,130.90140845070422
2019-10-15,128.80714285714285
2019-10-16,126.56428571428572
2019-10-17,128.7941176470588
2019-10-18,126.42142857142858
2019-10-19,123.98571428571428
2019-10-20,124.77941176470588
2019-10-21,126.83582089552239
2019-10-22,127.32352941176471
2019-10-23,125.88732394366197
2019-10-24,123.73239436619718
2019-10-25,122.9
2019-10-26,120.63013698630137
2019-10-27,122.14583333333333
2019-10-28,118.13513513513513
2019-10-29,143.4485294117647
2019-10-30,145.82456140350877
2019-10-31,136.5076923076923
2019-11-01,130.80882352941177
2019-11-02,122.16901408450704
2019-11-03,123.44444444444444
2019-11-04,121.54794520547945
2019-11-05,119.86
2019-11-06,118.0576923076923
2019-11-07,118.68589743589743
2019-11-08,116.31012658227849
2019-11-09,114.84810126582279
2019-11-10,115.50625
2019-11-11,115.5
2019-11-12,117.27160493827161
2019-11-13,117.53703703703704
2019-11-14,113.85975609756098
2019-11-15,114.43373493975903
2019-11-16,115.1604938271605
2019-11-17,113.1280487804878
2019-11-18,111.94578313253012
2019-11-19,111.29761904761905
2019-11-20,110.7202380952381
2019-11-21,108.19277108433735
2019-11-22,108.52409638554217
2019-11-23,106.644578313253
2019-11-24,106.58536585365853
2019-11-25,105.65060240963855
2019-11-26,104.88095238095238
2019-11-27,105.08928571428571
2019-11-28,105.08333333333333
2019-11-29,106.86309523809524
2019-11-30,105.7797619047619
2019-12-01,106.47560975609755
2019-12-02,109.30864197530865
2019-12-03,107.6951219512195
2019-12-04,108.3125
2019-12-05,109.5
2019-12-06,107.25595238095238
2019-12-07,107.8170731707317
2019-12-08,107.08433734939759
2019-12-09,107.05421686746988
2019-12-10,106.42168674698796
2019-12-11,104.29411764705883
2019-12-12,106.30722891566265
2019-12-13,106.96951219512195
2019-12-14,108.9578313253012
2019-12-15,107.8132530120482
2019-12-16,106.45833333333333
2019-12-17,104.19186046511628
2019-12-18,105.15882352941176
2019-12-19,104.28823529411764
2019-12-20,103.25882352941177
2019-12-21,103.11309523809524
2019-12-22,105.7797619047619
2019-12-23,106.25301204819277
2019-12-24,105.09638554216868
2019-12-25,104.59411764705882
2019-12-26,105.1547619047619
2019-12-27,102.44767441860465
2019-12-28,102.58823529411765
2019-12-29,104.69411764705882
2019-12-30,104.04705882352941
2019-12-31,105.63529411764706
2020-01-01,107.14117647058823
2020-01-02,106.6453488372093
2020-01-03,107.8546511627907
2020-01-04,109.01764705882353
2020-01-05,107.13529411764706
2020-01-06,108.10975609756098
2020-01-07,106.13253012048193
2020-01-08,103.79518072289157
2020-01-09,100.82142857142857
2020-01-10,102.51785714285714
2020-01-11,101.57228915662651
2020-01-12,100.60119047619048
2020-01-13,102.08928571428571
2020-01-14,99.05294117647058
2020-01-15,101.56626506024097
2020-01-16,99.03048780487805
2020-01-17,98.16867469879519
2020-01-18,100.9939024390244
2020-01-19,99.42073170731707
2020-01-20,103.35185185185185
2020-01-21,100.94444444444444
2020-01-22,99.39634146341463
2020-01-23,98.82317073170732
2020-01-24,97.7289156626506
2020-01-25,97.3780487804878
2020-01-26,99.6604938271605
2020-01-27,99.35802469135803
2020-01-28,100.63125
2020-01-29,99.86875
2020-01-30,102.68125
2020-01-31,104.32911392405063
2020-02-01,104.1829268292683
2020-02-02,102.4939024390244
2020-02-03,100.60975609756098
2020-02-04,101.21341463414635
2020-02-05,100.78658536585365
2020-02-06,94.4320987654321
2020-02-07,94.18518518518519
2020-02-08,94.5925925925926
2020-02-09,94.75
2020-02-10,94.21341463414635
2020-02-11,95.83125
2020-02-12,94.95679012345678
2020-02-13,96.22839506172839
2020-02-14,100.32142857142857
2020-02-15,100.3
2020-02-16,99.32941176470588
2020-02-17,100.31547619047619
2020-02-18,105.82142857142857
2020-02-19,104.53488372093024
2020-02-20,102.75
2020-02-21,104.01785714285714
2020-02-22,101.46428571428571
2020-02-23,99.43975903614458
2020-02-24,99.77439024390245
2020-02-25,98.84939759036145
2020-02-26,98.1280487804878
2020-02-27,100.79629629629629
2020-02-28,100.40123456790124
2020-02-29,103.33333333333333
2020-03-01,127.22222222222223
2020-03-02,102.0125
2020-03-04,103.5886075949367
2020-03-05,102.79375
2020-03-06,101.92592592592592
2020-03-07,105.39024390243902
2020-03-08,103.12048192771084
2020-03-09,97.48170731707317
2020-03-10,97.59756097560975
2020-03-11,96.79268292682927
2020-03-12,97.45121951219512
2020-03-13,95.87654320987654
2020-03-14,95.6625
2020-03-15,95.28125
2020-03-16,94.25308641975309
2020-03-17,99.06962025316456
2020-03-18,100.09638554216868
2020-03-19,98.3170731707317
2020-03-20,97.7710843373494
2020-03-21,99.26829268292683
2020-03-22,101.90123456790124
2020-03-23,101.74698795180723
2020-03-25,88.78301886792453
2020-03-26,98.43548387096774
2020-03-27,97.65492957746478
2020-03-28,93.5530303030303
2020-03-29,97.3529411764706
2020-03-30,95.14925373134328
2020-03-31,82.98484848484848
2020-04-01,79.41791044776119
2020-04-02,79.46212121212122
2020-04-03,75.1076923076923
2020-04-04,79.67460317460318
2020-04-05,75.09375
2020-04-06,76.25
2020-04-07,77.41935483870968
2020-04-08,79.70833333333333
2020-04-13,78.47368421052632
2020-04-14,76.125
2020-04-15,73.11818181818182
2020-04-16,76.7719298245614
2020-04-17,71.35714285714286
2020-04-20,71.01219512195122
2020-04-21,70.12244897959184
2020-04-22,63.79
2020-04-23,70.45
2020-04-24,73.1875
2020-04-25,76.20192307692308
2020-04-26,75.51785714285714
2020-04-27,73.02678571428571
2020-04-28,74.68181818181819
2020-04-29,73.2090909090909
2020-04-30,75.48181818181818
2020-05-01,74.4375
2020-05-02,73.86206896551724
2020-05-03,75.14035087719299
2020-05-04,75.09649122807018
2020-05-05,73.32758620689656
2020-05-06,72.59322033898304
2020-05-07,71.86666666666666
2020-05-08,71.11290322580645
2020-05-09,70.95081967213115
2020-05-10,73.07758620689656
2020-05-11,71.70491803278688
2020-05-12,72.76612903225806
2020-05-13,74.16666666666667
2020-05-14,78.6171875
2020-05-15,77.29032258064517
2020-05-16,78.50833333333334
2020-05-17,81.27966101694915
2020-05-18,75.72881355932203
2020-05-19,80.1896551724138
2020-05-20,74.50862068965517
2020-05-21,74.671875
2020-05-22,73.92622950819673
2020-05-23,71.83870967741936
2020-05-24,69.275
2020-05-25,67.45081967213115
2020-05-26,64.3688524590164
2020-05-27,68.02459016393442
2020-05-28,67.0079365079365
2020-05-29,66.89682539682539
2020-05-30,69.83064516129032
2020-05-31,72.86666666666666
2020-06-01,71.95
2020-06-02,71.9920634920635
2020-06-03,72.1774193548387
2020-06-04,69.75
2020-06-05,71.65671641791045
2020-06-06,74.86507936507937
2020-06-07,71.01428571428572
2020-06-08,68.75714285714285
2020-06-09,67.76428571428572
2020-06-10,68.3
2020-06-11,68.66428571428571
2020-06-12,69.22388059701493
2020-06-13,66.2536231884058
2020-06-14,70.265625
2020-06-15,73.15573770491804
2020-06-16,70.3828125
2020-06-17,80.86764705882354
2020-06-18,79.79411764705883
2020-06-19,79.1159420289855
2020-06-20,81.05882352941177
2020-06-21,81.55147058823529
2020-06-22,80.57246376811594
2020-06-23,81.02941176470588
2020-06-24,81.33076923076923
2020-06-25,84.40441176470588
2020-06-26,87.05970149253731
2020-06-27,88.49264705882354
2020-06-28,88.88805970149254
2020-06-29,91.76984126984127
2020-06-30,90.64393939393939
2020-07-01,90.93076923076923
2020-07-02,94.15079365079364
2020-07-03,95.14516129032258
2020-07-04,97.58730158730158
2020-07-05,103.10483870967742
2020-07-06,101.63846153846154
2020-07-07,102.21641791044776
2020-07-08,103.48461538461538
2020-07-09,104.1640625
2020-07-10,102.05384615384615
2020-07-11,107.76229508196721
2020-07-13,103.07462686567165
2020-07-14,98.16176470588235
2020-07-15,99.49264705882354
2020-07-16,100.92424242424242
2020-07-17,101.13432835820896
2020-07-18,101.64925373134328
2020-07-19,104.87121212121212
2020-07-20,104.45454545454545
2020-07-21,106.5725806451613
2020-07-22,111.85606060606061
2020-07-23,116.0
2020-07-24,113.23484848484848
2020-07-25,112.53846153846153
2020-07-26,116.6640625
2020-07-27,116.72388059701493
2020-07-28,120.046875
2020-07-29,117.53787878787878
2020-07-30,117.06818181818181
2020-07-31,121.93181818181819
2020-08-01,124.08208955223881
2020-08-02,125.8030303030303
2020-08-03,126.16911764705883
2020-08-04,124.9779411764706
2020-08-05,124.66911764705883
2020-08-06,116.71126760563381
2020-08-07,111.42424242424242
2020-08-08,108.25735294117646
2020-08-09,113.39285714285714
2020-08-10,113.1086956521739
2020-08-11,117.94202898550725
2020-08-12,110.71212121212122
2020-08-13,107.72142857142858
2020-08-14,112.31884057971014
2020-08-15,103.71969696969697
2020-08-16,112.77083333333333
2020-08-17,112.20138888888889
2020-08-18,113.84285714285714
2020-08-19,122.11764705882354
2020-08-20,122.06338028169014
2020-08-21,118.88732394366197
2020-08-22,118.00714285714285
2020-08-23,114.875
2020-08-24,116.48571428571428
2020-08-25,117.50714285714285
2020-08-26,112.88059701492537
2020-08-27,105.18939393939394
2020-08-28,111.08461538461539
2020-08-29,112.3225806451613
2020-08-30,108.54225352112677
2020-08-31,110.3840579710145
2020-09-01,108.5
2020-09-02,107.54929577464789
2020-09-03,109.54225352112677
2020-09-04,110.04285714285714
2020-09-05,111.14492753623189
2020-09-06,111.07246376811594
2020-09-07,110.85
2020-09-08,107.35507246376811
2020-09-09,107.88194444444444
2020-09-10,108.27083333333333
2020-09-11,108.73287671232876
2020-09-12,107.78571428571429
2020-09-13,112.21527777777777
2020-09-14,111.20833333333333
2020-09-15,109.34246575342466
2020-09-16,111.96575342465754
2020-09-17,115.27397260273973
2020-09-18,118.33088235294117
2020-09-19,112.61111111111111
2020-09-20,102.1231884057971
2020-09-21,111.38732394366197
2020-09-22,114.18840579710145
2020-09-23,109.21428571428571
2020-09-24,113.63194444444444
2020-09-25,121.93243243243244
2020-09-26,120.26027397260275
2020-09-27,116.86111111111111
2020-09-28,121.32394366197182
2020-09-29,116.97058823529412
2020-09-30,118.21527777777777
2020-10-01,120.05405405405405
2020-10-02,118.109375
2020-10-03,124.21739130434783
2020-10-04,123.55797101449275
2020-10-05,120.54347826086956
2020-10-06,116.11486486486487
2020-10-07,113.4927536231884
2020-10-08,119.35416666666667
2020-10-09,120.65492957746478
2020-10-10,118.11111111111111
2020-10-11,122.0
2020-10-12,118.76027397260275
2020-10-13,117.96478873239437
2020-10-14,114.76712328767124
2020-10-15,111.12676056338029
2020-10-16,120.21014492753623
2020-10-17,116.46376811594203
2020-10-18,114.47058823529412
2020-10-19,117.28030303030303
2020-10-20,131.4
2020-10-21,127.82098765432099
2020-10-22,144.0
2020-10-23,127.56410256410257
2020-10-24,136.68354430379748
2020-10-25,134.078125
2020-10-26,161.78571428571428
2020-10-27,121.06666666666666
2020-10-28,119.49333333333334
2020-10-29,116.31818181818181
2020-10-30,115.85802469135803
2020-10-31,115.87037037037037
2020-11-01,114.92105263157895
2020-11-02,111.3
2020-11-03,111.84756097560975
2020-11-04,109.79069767441861
2020-11-05,111.7235294117647
2020-11-06,111.2710843373494
2020-11-07,110.3313953488372
2020-11-08,115.70114942528735
2020-11-09,108.58720930232558
2020-11-10,108.25
2020-11-11,109.11538461538461
2020-11-12,113.02717391304348
2020-11-13,113.64736842105263
2020-11-14,116.08421052631579
2020-11-15,117.84042553191489
2020-11-16,128.6267605633803
2020-11-17,126.07142857142857
2020-11-18,122.31818181818181
2020-11-19,123.87222222222222
2020-11-20,113.9010989010989
2020-11-21,113.92528735632185
2020-11-22,112.56818181818181
2020-11-23,117.60365853658537
2020-11-24,116.45161290322581
2020-11-25,113.33684210526316
2020-11-26,115.83333333333333
2020-11-27,116.485
2020-11-28,115.8529411764706
2020-11-29,118.25
2020-11-30,120.00980392156863
2020-12-01,118.98543689320388
2020-12-02,122.16
2020-12-03,121.145
2020-12-04,120.4040404040404
2020-12-05,120.595
2020-12-06,121.1340206185567
2020-12-07,118.75773195876289
2020-12-08,113.45631067961165
2020-12-09,114.19
2020-12-10,113.83333333333333
2020-12-11,115.25490196078431
2020-12-12,113.27142857142857
2020-12-13,111.53301886792453
2020-12-14,111.71634615384616
2020-12-15,111.20283018867924
2020-12-16,104.9090909090909
2020-12-17,111.2
2020-12-18,111.2
2020-12-19,111.23232323232324
2020-12-20,112.58823529411765
2020-12-21,111.73076923076923
2020-12-22,112.68867924528301
2020-12-23,112.12264150943396
2020-12-24,114.2877358490566
2020-12-25,113.34905660377359
2020-12-26,116.75490196078431
2020-12-27,115.3
2020-12-28,116.23039215686275
2020-12-29,115.17326732673267
2020-12-30,115.23529411764706
2020-12-31,116.09
2021-01-01,116.83823529411765
2021-01-02,111.70707070707071
2021-01-03,109.63636363636364
2021-01-04,111.4438775510204
2021-01-05,108.625
2021-01-06,108.77835051546391
2021-01-07,107.43617021276596
2021-01-08,105.29473684210527
2021-01-09,111.78350515463917
2021-01-10,103.80729166666667
2021-01-11,101.82142857142857
2021-01-12,110.11458333333333
2021-01-13,110.34693877551021
2021-01-14,105.6
2021-01-15,104.59473684210526
2021-01-16,106.64893617021276
2021-01-17,102.4375
2021-01-18,105.54255319148936
2021-01-19,104.203125
2021-01-20,101.59895833333333
2021-01-21,101.390625
2021-01-22,101.9234693877551
2021-01-23,102.81443298969072
2021-01-24,101.37755102040816
2021-01-25,107.8989898989899
2021-01-26,112.1701030927835
2021-01-27,105.66494845360825
2021-01-28,111.38888888888889
2021-01-29,104.84536082474227
2021-01-30,104.71428571428571
2021-01-31,103.88775510204081
2021-02-01,106.89690721649484
2021-02-02,107.22164948453609
2021-02-03,102.23837209302326
2021-02-04,111.06521739130434
2021-02-05,113.59042553191489
2021-02-06,108.54123711340206
2021-02-07,108.71649484536083
2021-02-08,108.14141414141415
2021-02-09,108.56122448979592
2021-02-10,108.565
2021-02-11,108.5050505050505
2021-02-12,106.33663366336634
2021-02-13,106.955
2021-02-14,106.11
2021-02-15,106.66
2021-02-16,106.955
2021-02-17,107.04901960784314
2021-02-18,105.22222222222223
2021-02-19,103.28217821782178
2021-02-20,107.72222222222223
2021-02-21,101.23157894736842
2021-02-22,101.94329896907216
2021-02-23,103.31443298969072
2021-02-24,102.93617021276596
2021-02-25,104.01
2021-02-26,103.695
2021-02-27,102.64795918367346
2021-02-28,101.11881188118812
2021-03-01,101.08823529411765
2021-03-02,101.3173076923077
2021-03-03,101.22549019607843
2021-03-05,115.76923076923077
2021-03-06,121.80952380952381
2021-03-07,115.55825242718447
2021-03-08,120.03333333333333
2021-03-09,119.97169811320755
2021-03-10,115.07211538461539
2021-03-11,114.55607476635514
2021-03-12,114.16981132075472
2021-03-13,115.9095238095238
2021-03-14,113.4770642201835
2021-03-15,113.80092592592592
2021-03-16,111.10909090909091
2021-03-17,110.69158878504673
2021-03-18,106.98598130841121
2021-03-19,106.95754716981132
2021-03-20,109.9675925925926
2021-03-21,103.31018518518519
2021-03-22,109.41203703703704
2021-03-23,111.32710280373831
2021-03-24,111.47619047619048
2021-03-25,109.41981132075472
2021-03-26,110.57009345794393
2021-03-27,110.64285714285714
2021-03-28,108.05188679245283
2021-03-29,108.0631067961165
2021-03-30,108.65714285714286
2021-03-31,114.095
2021-04-01,114.09803921568627
2021-04-02,116.96969696969697
2021-04-03,115.79716981132076
2021-04-04,115.57211538461539
2021-04-05,114.1923076923077
2021-04-06,118.11682242990655
2021-04-07,116.27619047619048
2021-04-08,119.55392156862744
2021-04-09,117.64150943396227
2021-04-10,116.2803738317757
2021-04-11,115.77570093457943
2021-04-12,113.65420560747664
2021-04-13,114.75943396226415
2021-04-14,118.82075471698113
2021-04-15,118.85576923076923
2021-04-16,124.8173076923077
2021-04-17,119.72641509433963
2021-04-18,120.23584905660377
2021-04-19,111.89449541284404
2021-04-20,114.13106796116504
2021-04-21,119.30882352941177
2021-04-22,119.17021276595744
2021-04-23,119.63157894736842
2021-04-24,118.55050505050505
2021-04-25,117.36764705882354
2021-04-26,117.71428571428571
2021-04-27,116.63461538461539
2021-04-28,119.58762886597938
2021-04-29,113.98850574712644
2021-04-30,108.29268292682927
2021-05-01,107.87012987012987
2021-05-02,102.21111111111111
2021-05-03,96.77027027027027
2021-05-04,92.26829268292683
2021-05-05,89.85795454545455
2021-05-06,90.02873563218391
2021-05-07,92.78846153846153
2021-05-08,102.34065934065934
2021-05-09,101.85
2021-05-10,103.38461538461539
2021-05-11,111.37222222222222
2021-05-12,106.3956043956044
2021-05-13,107.85164835164835
